VENDOR_NAME,STREET,CITY,STATE,ZIP,PHONE,PASSES,TOKENS,COUPONS,RESTRICTIONS
1% Check Cashing,11151 Avalon Blvd. Suite #108,Los Angeles,CA,90061,3237772067,Metro,0,Both,No EZ Passes
3RD & Normandie Check Cashing,280 S. Normandie,Los Angeles,CA,90004,3233808588,Metro,Yes,RRTC,No EZ Passes
3RD Street Check Cashing,3653 W. 3RD St. ,Los Angeles,CA,90020,2133834757,Metro,Yes,RRTC,No EZ Passes
A TO Z CHECK CASHING,106 N. Glendale Ave.,Glendale,CA,91206,8182410608,Metro,Yes,Both,None
AAA Cash Advance Inc.,1771 W. Jefferson Blvd.,Los Angeles,CA,90018,3237351800,Metro,Yes,No,None
Adams Liquor,14556 Vanowen St.,Van Nuys,CA,91405,8187819011,Metro,No,No,None
Aloha Market,2404 S. Vermont Ave.,Los Angeles,CA,90007,3237343117,Metro,Yes,Both,None
Alondra Quick Check,15920 Downey Ave.,Paramount,CA,90746,5626339542,Metro Long Beach Transit,Yes,Both,None
Angelus Mini Market,255 S Hill St,Los Angeles,CA,90012,2136177910,Metro,No,RRTC,No EZ Passes
Antelope Valley Mall,1233 W. Rancho Vista Blvd.,Palmdale,CA,93551,6612669150,AVTA,No,No,No EZ Passes
Antelope Valley Transit Authority,42210 6th Street West,Lancaster,CA,93534,6617292222,AVTA,No,No,No EZ Passes
Apulo Market,2612 W. 8th St.,Los Angeles,CA,90057,2133838380,Metro,Yes,RRTC,None
AV Mail & More,2851 W. Ave L,Lancaster ,CA,93536,6617224555,AVTA,No,,EZ Passes 
Avalon Check Cashing,4147 W. Century Blvd.,Inglewood,CA,90304,3106711505,Metro,Yes,Both,None
Avalon Check Cashing #2,11050 S. Prairie Ave.,Inglewood,CA,90301,3104120300,Metro,Yes,Both,None
Avalon Check Cashing #3,105 W. Century Blvd.,Los Angeles,CA,90003,3237777900,Metro,Yes,Both,None
Azusa Transportation Center,943 N. Vernon Ave,Azusa,CA,91702,6268125140,Metrolink Foothill Transit,No,No,Resident/Seniors Only
Band B Check Cashing Inc.,4137 Santa Ana St,Huntington Park,CA,90255,3235874362,Metro,No,Both,No EZ Passes
Barneys Liquor,5001 Monte Vista St.,Los Angeles,CA,90042,3232567216,Metro,No,No,No EZ Passes
Bell Community Center,6330 Pine Ave.,Bell,CA,90221,3235886211,Metro,No,No,Residents Only
Berry &  Sweeney Pharmacy,1377 N Fair Oaks Ave.,Pasadena,CA,91103,6267941124,Metro,Yes,No,None
Beverly Kenmore Check Cashing,4028 Beverly Blvd,Los Angeles,CA,90004,2133809815,Metro,Yes,,None
Broadway Check Cashing,2430 N Broadway,Los Angeles,CA,90031,3232767415,Metro,Yes,RRTC,None
Burbank Joslyn Center,1301 W. Olive Ave.,Burbank,CA,91510,NULL,Metro,No,No,Resident/Seniors Only
California Money Express,2602 E. Florence Ave.,Huntington Park,CA,90255,7148631121,Metro,Yes,Both,None
Cal Poly Pomona,3801 W. Temple Ave. BU #35,Pomona,CA,91768,9098692859,Metro Foothill Transit,,,
Cal State Dominguez,1000 E. Victoria St.,Carson,CA,90747,3102433006,Metro,Yes,No,None
Cal State University Los Angeles,5151 State University Dr. ,Los Angeles,CA,90032,3233436118,Metro Metrolink Foothill Transit,Yes,No,None
California State University Northridge,18111 Nordhoff Street BH240,Northridge,CA,91330,8186772488,Metro,No,Both,None
Campers Corner,720 E 7th Street,Los Angeles,CA,90021,2136279909,Metro,Yes,Both,None
Canyon Country Community Center,18792 Flying Tiger Drive,Santa Clarita,CA,91387,6612841480,Santa Clarita,No,No,No EZ Passes
Cash Connection Plus,9961 E. Valley Blvd,El Monte,CA,91731,6264544895,Metro,Yes,Both,None
Cash it Quick,43535 Gadsden Avenue Suite F,Lancaster,CA,93534,6617233130,Metro AVTA,No,No,No EZ Passes
Cash it Quick,18503 Victory Blvd.,Reseda,CA,91335,8183421200,Metro,No,Both,None
Cashnet Financial Services,1114 N. La Brea Avenue Unit 105,West Hollywood,CA,90038,NULL,Metro,Yes,RRTC,None
Cashnet Financial Services,7071 1/2 Santa Monica Blvd.,Los Angeles,CA,90038,3239627711,Metro,Yes,RRTC,None
Check 4 Cash,4149 Tweedy blvd,South Gate,CA,90280,3235698708,Metro,Yes,No,None
China Bookstore,652-B N. Broadway,Los Angeles,CA,90012,2136809230,Metro,Yes,No,None
City Check Cashers,311 S Vermont ave,Los Angeles,CA,90020,2133813223,Metro,Yes,Both,None
City Check Cashers,828 S Vermont Ave,Los Angeles,CA,90005,2133813223,Metro,Yes,Both,None
City Check Cashers,9767 Laurel Canyon Blvd,Pacoima,CA,91331,2133813223,Metro,Yes,Both,None
City of Alhambra,111 South 1st St,Alhambra,CA,91801,6265703268,Metro,Yes,No,Residents Only
City of Azusa,213 East Foothill Dr.,Azusa,CA,91702,6268125200,Foothill Transit  ,,,
City of Baldwin Park,4100 Baldwin Park Blvd,Baldwin Park,CA ,91706,6269622625,Foothill Transit,,,
City of Beverly Hills,455 N. Rexford Dr,Beverly Hills,CA,90210,3102852409,Metro,No,No,Resident/Seniors Only
City of Burbank Joslyn Center,1301 W. Olive Ave,Burbank,CA,91506,8182385360,Metro,No,No,Resident/Seniors Only
City of Commerce,2535 Commerce Way,Commerce,CA,90040,3237224805 x2336,Metro,No,No,Residents Only
City of Covina,125 E. College St.,Covina,CA,91723,6263845520,Metro Foothill Transit,No,No,Senior and Disabled Residents Only
City of Cudahy,5220 Santa Ana Street,Cudahy,CA,90201,3237735143,Metro,No,No,Resident/Seniors Only
City of Diamond Bar,21801 Copley Dr.,Diamond Bar,CA,91765,9098397050,Metro Metrolink Foothill Transit,Yes,CTC,None
City of Downey,11111 Brookshire Ave,Downey,CA,90241,5629047251,Metro,No,Both,None
City of El Monte,3650 Center St.,El Monte,CA,91731,6265802242,Metro Foothill Transit,No,No,Residents Only
City of El Segundo,350 Main St.,El Segundo,CA,90245,3105242705,Metro BCT,Yes,No,Residents Only
City of Glendora,116 E. Foothill Blvd.,Glendora,CA,91741,6268524814,Metro Foothill Transit,No,No,Residents Only
City of Hawthorne,3901 W. El Segundo Blvd.,Hawthorne,CA,90250,3103491640,Metro,No,No,Residents Only
City of Hermosa Beach,1315 Valley Dr.,Hermosa Beach,CA,90254,3103180256,Metro Reduced Fare,No,No,Sr/Dis College Student Residents Only
City of Huntington Park,6550 Miles Ave.,Huntington Park,CA,90255,3235846237,Metro,No,No,Residents Only
City of Inglewood,One West Manchester Blvd.,Inglewood,CA,90301,3104128729,Metro,No,No,Residents Only
City of La Puente,15900 E. Main St.,La Puente,CA,91744,6268551500,Metro Foothill Transit,No,No,Residents Only
City La Verne,3660 D St,La Verne,CA,91750,9095968700,Metro Foothill Transit,No,No,Residents Only
City of Manhattan Beach,1400 Highland Ave,Manhattan Beach,CA,90266,3108025561,Metro,No,No,Residents Only
City of Monrovia,119 W. Palm Ave.,Monrovia,CA,91016,6262568246,Metro Foothill Transit,No,No,Residents Only
City of Pasadena<br/>Metro Senior Passes Only,100 N Garfield Ave.,Pasadena,CA,91101,6267444428,Metro,No,No,Residents Only
City of Pico Rivera,6767 Passons Blvd.,Pico Rivera,CA,90660,5628014227,Metro,No,No,Residents Only
City of Rosemead,8838 E. Valley Blvd.,Rosemead,CA,91770,6265692250,Metro,No,No,Residents Only
City of San Fernando,117 Macneil St.,San Fernando,CA,91340,8188981244,Metro,No,No,Residents Only
City of San Gabriel,250 S. Mission Dr.,San Gabriel,CA,91776,6263082875,Metro,No,No,Residents/Seniors Only
City of Santa Clarita Aquatics Center,20850 Centre Pointe Pkwy,Santa Clarita,CA,91351,6612503700,Santa Clarita,No,Rider Relief,No EZ Passes
City of Santa Clarita City Hall,23920 Valencia Blvd.,Santa Clarita,CA,91355,6612864099,Santa Clarita,No,Rider Relief,No EZ Passes
City of Santa Clarita Transit Maintenance Facility,28250 Constellation Road,Santa Clarita,CA,91355,6612956328,Santa Clarita & EZ Passes,No,Rider Relief,None
City of South El Monte,1415 Santa Anita,South El Monte,CA,91733,6265796540,Metro Foothill Transit,No,No,Residents Only
City of South Gate,9520 Hildreth Ave.,South Gate,CA,90280,3235635754,Metro,No,No,Resident/Seniors Only
City of South Pasadena,1102 Oxley St.,South Pasadena,CA,91030,6264037360,Metro,No,No,Residents Only
City of Walnut,21201 La Puente Rd,Walnut,CA,91789,9095957543,Metro Metrolink Foothill Transit,No,CTC,Regular EZ Passes Only
City of West Hollywood,8300 Santa Monica Blvd.,West Hollywood,CA,90069,3238486370,Metro,No,No,Residents Only
City of Whittier Senior Center,13225 Walnut St.,Whittier,CA,90262,5625679482,Metro Montebello,No,Both,Residents Only
Color Check Cashing,227 W. 7th Street,Los Angeles,CA,90014,2136275234,Metro,Yes,Both,None
Confetti Liquor,1542 San Fernando Rd,San Fernando,CA,91340,8187862188,Metro,Yes,Both,None
Continental Currency Services Inc.,12773 Van Nuys Blvd.,Pacoima,CA,91331,8188901255,Metro,Yes,Both,None
Continental Currency Services Inc.,1298 N Lake Ave,Pasadena,CA,91104,6267942970,Metro,Yes,Both,None
Continental Currency Services Inc.,8565 S. Broadway - #1,Los Angeles,CA,90003,3237586632,Metro,Yes,Both,None
Continental Currency Services Inc.,1457 E. Florence Ave. Unit 115,Los Angeles,CA,90001,3235827665,Metro,Yes,Both,None
Continental Currency Services Inc.,3401 W. Slauson Ave.,Los Angeles,CA,90043,3232923651,Metro,Yes,Both,None
Continental Currency Services Inc.,9100 Van Nuys Blvd.,Panorama city,CA,91402,8188301400,Metro,Yes,Both,None
Continental Currency Services Inc.,6821-A S. Eastern Ave.,Bell Gardens,CA,90201,3237718448,Metro,Yes,Both,None
Continental Currency Services Inc.,5623 E. Whittier Blvd.,Los Angeles,CA,90022,3238889632,Metro,Yes,Both,None
Continental Currency Services Inc.,6565 Hollywood Blvd.,Hollywood,CA,90028,3234642718,Metro,Yes,Both,None
Continental Currency Services Inc.,6401 Hollywood Blvd.,Hollywood,CA,90028,3234664808,Metro,Yes,Both,None
Continental Currency Services Inc.,559 S. Broadway,Los Angeles,CA,90014,2136241666,Metro,Yes,Both,None
Continental Currency Services Inc.,3106 San Gabriel Blvd.,Rosemead,CA,91770,6262800380,Metro,Yes,Both,None
Continental Currency Services Inc.,1669 E. 103rd St,Los Angeles,CA,90002,3235696245,Metro,Yes,Both,None
Continental Currency Services Inc.,4020 Washington Blvd.,Los Angeles,CA,90018,3237349974,Metro,Yes,Both,None
Continental Currency Services Inc. #317,148 E. Compton Blvd,Compton,CA,90220,3105379239,Metro Long Beach Transit,Yes,Both,None
Continental Currency Services Inc.,303 Lincoln Blvd,Venice,CA,90291,3103925985,Metro,Yes,Both,None
Continental Currency Services Inc.,5824 S. Vermont Ave,Los Angeles,CA,90044,3237515044,Metro,Yes,Both,None
Continental Currency Services Inc. #408,1301 Long Beach Blvd,Long Beach,CA,90813,5625991550,Metro Long Beach Transit,Yes,Both,None
Continental Currency Services Inc. #015,739 W Rosecrans Ave,Compton,CA,90222,3106383021,Metro Long Beach Transit,Yes,Both,None
Continental Currency Services Inc.,8026 Vineland Ave,Sun Valley,CA,91352,8187683740,Metro,Yes,Both,None
Continental Currency Services Inc.,5804 Rodeo Rd.,Los Angeles,CA,90016,3108374422,Metro,Yes,Both,None
Continental Currency Services Inc. #414,335 E. 7th St.,Long Beach,CA,90813,5624367078,Metro Long Beach Transit,Yes,Both,None
Continental Currency Services Inc. #513,3461 E. Artesia Blvd.,Long Beach,CA,90805,5625312320,Metro Long Beach Transit,Yes,Both,None
Continental Currency Services Inc.,4050 Victoria Ave.,Los Angeles,CA,90008,3232966052,Metro,Yes,Both,None
Continental Currency Services Inc.,10716 W. Washington Blvd.,Culver City,CA,90232,3102042115,Metro,Yes,Both,None
Continental Currency Services Inc.,11712 Wilmington Ave.,Los Angeles,CA,90059,3235677200,Metro,Yes,Both,None
Continental Currency Services Inc.,8116 Long Beach Blvd.,South Gate,CA,90280,3235877545,Metro,Yes,Both,None
Continental Currency Services Inc.,2401 W. Manchester Blvd.,Inglewood,CA,90305,3237591000,Metro,Yes,Both,None
Continental Currency Services Inc. #274,13542 Lakewood Blvd. #F,Bellflower,CA,90706,5626340254,Metro Long Beach Transit,Yes,Both,None
Continental Currency Services Inc.,400 S Broadway,Los Angeles,CA,90013,2136239852,Metro,Yes,Both,None
Continental Currency Services Inc.,2451 E. Florence Ave.,Huntington Park,CA,90255,3235888664,Metro,Yes,Both,None
Continental Currency Services Inc.,12100 Victory Blvd.,North Hollywood,CA,91606,8187693228,Metro,Yes,Both,None
Continental Currency Services Inc.,1890 S. Western Ave.,Los Angeles,CA,90006,3237348632,Metro,Yes,Both,None
Continental Currency Services Inc.,4201 W. Pico Blvd.,Los Angeles,CA,90019,3239384070,Metro,Yes,Both,None
Continental Currency Services Inc.,447 E. Orange Grove Ave.,Pasadena,CA,91104,6265640712,Metro,Yes,Both,None
Continental Currency Services Inc.,1023-B S. Brand Blvd,Glendale,CA,91204,8182433639,Metro,Yes,Both,None
Continental Currency Services Inc.,16751677 W. Martin Luther King Jr Blvd.,Los Angeles,CA,90062,3232962669,Metro,Yes,Both,None
Continental Currency Services Inc.,11220 S. Crenshaw Blvd.,Inglewood,CA,90303,3237561333,Metro,Yes,Both,None
Continental Currency Services Inc.,2400 E. Florence Avenue,Huntington Park,CA,90255,3235825895,Metro,Yes,Both,None
Continental Currency Services Inc.,12854 Pioneer Blvd.,Norwalk,CA,90650,5628682018,Metro,Yes,Both,None
Continental Currency Services Inc.,4373 S. Vermont Ave.,Los Angeles,CA,90037,3232326006,Metro,Yes,Both,None
Continental Currency Services Inc.,2417 E. Cesar Chavez,Los Angeles,CA,90033,3232604830,Metro,Yes,Both,None
Continental Currency Services Inc.,11515 Washington Blvd.,Whittier,CA,90606,5629081000,Metro,Yes,Both,None
Corner Store Liquor #2,3000 N. Main St.,Los Angeles,CA,90031,3232254888,Metro,Yes,Both,No EZ Passes
Corner Store Liquor #1,16 S. Fremont Ave.,Alhambra,CA,91801,6264382016,Metro,Yes,Both,No EZ Passes
Covina Joslyn,815 N Barranca Avenue,Covina,CA,91723,6268587219,Metro,No,No,Resident/Seniors Only
Crest Jr. Market,2543 W. 3rd Street,Los Angeles,CA,90057,2133880188,Metro,Yes,No,No EZ Passes
CSULA,5151 University Drive Building C,Los Angeles,CA,90032,3233435277,Metro Metrolink,Yes,No,None
Digital Currency/Unipago CA,1006 N. Vermont Ave.,Los Angeles,CA,90029,3236441330,Metro,Yes,Both,None
E MONEY EXPRESS #1,12173 Carson St.,Hawaiian Gardens,CA,90716,5624677488,Metro Long Beach Transit,Yes,Both,None
E Money Express #5,7705 Atlantic Ave. ,Cudahy,CA ,90201,5622935141,Metro,Yes,RRTC,None
E Z Check Cashing,1901 S Alameda,Los Angeles,CA,90058,2137478408,Metro,Yes,Both,No EZ Passes
East Hollywood Currency Services,5520 Santa Monica Blvd,Los Angeles,CA,90038,3234662703,Metro,Yes,,
Eastside Checking Cashing,1018 E. Ave J,Lancaster,CA,93535,6617261321,AVTA,No,,No EZ Passes
El Rancho Market,1115 N. Alvarado St. ,Los Angeles,CA,90026,2134132677,Metro,Yes,RRTC,None
El Segundo Joslyn Center,339 Sheldon St.,El Segundo,CA,90245,3105242701,Metro,No,No,Resident/Seniors Only
El Sereno Liquor,3327 N. Eastern Ave.,Los Angeles,CA,90032,3232214246,Metro,Yes,Both,No EZ Passes
Envios Mi Tierra Dinero En Segundos,4968 Venice Blvd.,Los Angeles,CA,90019,3239370688,Metro,Yes,No,None
Ethical Drug,254 N. Western Ave.,Los Angeles,CA,90004,3234672101,Metro,Yes,No,None
FAMIMA Broadway,544 S. Broadway,Los Angeles,CA,90013,2134893558,Metro,Yes,No,None
FAMIMA California Plaza,305 S Grand Ave. Suite R2B,Los Angeles,CA,90071,2136284000,Metro,No,Both,None
FAMIMA City National Plaza,505 S. Flower Street Suite 520,Los Angeles,CA,90071,2136233236,Metro,No,Both,None
FAMIMA Pacific Center,525 W. 6th Street,Los Angeles,CA,90017,NULL,Metro,No,Both,None
FAMIMA Roosevelt,727 W. 7th Street Suite G-735,Los Angeles,CA,90017,2136277334,Metro,No,Both,None
FAMIMA Union Station,800 N. Alameda Street,Los Angeles,CA,90013,2136131433,Metro,No,Both,None
FAMIMA Wilshire,700 Wilshire Boulevard,Los Angeles,CA,90017,NULL,Metro,No,Both,None
Fiesta Liquor,7215 Vineland Ave,Sun Valley,CA,91352,8187652481,Metro,Yes,RRTC,No EZ Passes
Fisher Market,1332 W. Alhambra Rd.,Alhambra,CA,91801,6262822143,Metro,Yes,No,None
Florence Check Cashing,2688 E Florence Ave,Huntington Park,CA,90255,3235858515,Metro,Yes,Both,None
Florence Shell,605 E. Florence Ave,Los Angeles,CA,90001,3237530855,Metro,No,Both,None
Foothill Transit,1600 Azusa Ave. #571,City of Industry,CA,91748,8007433463,Metro Foothill Transit,Yes,Both,None
Foothill Transit,100 W. Commercial Ave.,Pomona,CA,91767,8007433463,Metro Foothill Transit,Yes,Both,None
Foothill Transit,3501 Santa Anita Ave. 2nd Floor,El Monte,CA,91731,8007433463,Metro Foothill Transit,Yes,Both,None
Foothill Transit,200 W. First Street,Claremont,CA,91711,8007433463,Metro Foothill Transit,Yes,Both,None
Foothill Transit,100 S. Vincent Ave.,West Covina,CA,91790,8007433463,Metro Foothill Transit,Yes,Both,None
Four Aces Market,1111 N. Western Ave.,Los Angeles,CA,90029,3234678494,Metro,Yes,No,None
Garden Liquor,1479 W. Washington Blvd.,Los Angeles,CA,90007,2137499993,Metro,No,RRTC,None
Gardena Municipal Bus Lines,13999 S. Western Ave.,Gardena,CA,90249,3109658888,None,Gardena Tokens Only,No,Stored Value and EZ Pass Only
Gas Tower,555 West 5th St.,Los Angeles,CA,90013,2136134410,Foothill Transit,,,
Glendora Transportation Services,410 E. Dalton Ave.,Glendora,CA,91741,6268524814,Metro,,,
Globe Check Cashing,13439 Osborne St. #11,Arleta,CA,91331,8188968585,Metro,Yes,No,No EZ Passes
Grace Super Market,5500 Compton Ave.,Los Angeles,CA,90011,3232345990,Metro,Yes,,
Green Circle Market,1840 W. 3rd Street,Los Angeles,CA,90057,2134836343,Metro,Yes,RRTC,None
Guadalajara Chk Cashing,2524 S. Central Ave.,Los Angeles,CA,90011,3232333900,Metro,Yes,Both,None
Guadalajara Chk Cashing,2514 E. 1st St.,Los Angeles,CA,90033,3235264213,Metro,Yes,RRTC,None
Gumbo Market,1610 E. Vernon Ave.,Los Angeles,CA,90011,3232321917,Metro,Yes,,
Hancore Investments,2600 N. Figueroa,Los Angeles,CA,90065,3232224595,Metro,Yes,RRTC,No EZ Passes
Hawthorne Quick Check,12823 S. Prairie Ave.,Hawthorne,CA,90250,3109781100,Metro,Yes,Both,None
Hollywood Senior Center,1360 N St. Andrews,Los Angeles,CA,90028,3239573906,Metro,No,No,Resident/Seniors Only
Hopertunity Inc.,824A S. Broadway,Los Angeles,CA,90014,2136276270,Metro,No,Both,None
Hums Market,5001 S. Western Ave.,Los Angeles,CA,90062,3232994919,Metro,Yes,RRTC,None
Ideal Check Cashing,864 S. Vermont Ave. ,Los Angeles,CA,90005,2135683536,Metro,Yes,Both,None
Inglewood Senior Center,330 Centinela Ave.,Inglewood,CA,90301,3104125338,Metro,No,No,Resident/Seniors Only
J & H Liquor,1154 W. Venice Blvd.,Los Angeles,CA,90015,2137486033,Metro,Yes,No,None
J & V Macias Inc.,3474 E. First Street,Los Angeles,CA,90063,3232649915,Metro,Yes,Both,None
James Wood Processing Company,2812 James M. Wood Blvd.,Los Angeles,CA,90006,2133883900,Metro,Yes,Both,No EZ Passes
Jennifers Bar,1060 vine st,Los Angeles,CA,90038,3239602503,Metro,Yes,No,No EZ Passes
Jo Anne Darcy Library Canyon Country,28601 Soledad Canyon Road,Santa Clarita,CA,91351,6612512720,Santa Clarita,No,No,No EZ Passes
Johnny's Liqour,4000 Broadway Pl.,Los Angeles,CA,90037,3109384093,Metro,Yes,No,None
Johnnie's Market,2017 N. Eastern Ave.,Los Angeles,CA,90032,3232236626,Metro,Yes,No,None
Jons Market,3334 W. 8th Street,Los Angeles,CA,90005,3234606772,Metro,Yes,No,None
King Liquor,2105 W. Sunset Blvd.,Los Angeles,CA,90026,6266273598,Metro,No,No,No EZ Passes
Korean Senior Club,3807 wilshire blvd.,Los Angeles,CA,90010,2137389988,Metro,No,No,No EZ Passes
La Cienega Check Casking,8506 W. 3rd. St. ,Los Angeles,CA,90048,3106528100,Metro,No,Both,None
La Cienega Community Center,8400 Gregory Way,Beverly Hills,CA,90211,3102856810,Metro,No,No,Resident/Seniors Only
LA County Tax Collector,225 N. Hill St. Room 114,Los Angeles,CA ,90012,2139742140,Foothill Transit,,,
LA Job Corps,1106 S. Broadway,Los Angeles,CA,90015,2137415411,Metro,No,No,None
La Mexicana,4800 Compton Ave.,Los Angeles,CA,90011,3232314765,Metro,Yes,Both,None
LA Trade Tech,400 W. Washington Blvd.,Los Angeles,CA,90015,2137637225,Metro,Yes,No,None
LA Tourism Visitors Center,6801 Hollywood Blvd. Suite #104,Hollywood,CA,90028,3234676412,Metro,No,No,None
LA City College,855 N. Vermont,Los Angeles,CA,90029,3239534000,Metro,No,No,None
LADOT,201 N Los Angeles St # 18B,Los Angeles,CA,90012,2138082273,Metro,No,Both,None
Lakeview Farm Market,11950 Foothill Blvd.,Lake View Terrace,CA,91342,8188343350,Metro,Yes,Both,No EZ Passes
Langely Senior Center,400 W. Emerson Ave.,Monterey Park,CA,91754,6263071395,Metro,No,No,Resident/Seniors Only
Laurel Canyon Check Cashing,7945 Laurel Canyon Blvd.,North Hollywood,CA,91605,8187648027,Metro,Yes,RRTC,None
Liquor To GoGo,5901 Hollywood Blvd.,Hollywood,CA,90028,3234622891,Metro,Yes,No,None
Liquor Zone,424S. Central Ave.,Glendale ,CA,91204,8185007612,Metro,Yes,Both,None
Long Beach Transit & Visitor Center,130 E. 1st Street,Long Beach,CA,90802,5625912301,Long Beach Transit and EZ Passes,No,RRTC,No Metro Passes
Los Hermanos Market,7715 Pearblossom Hwy.,Littlerock,CA,93552,6615266570,AVTA,No,,No EZ Passes
Mail America,37951 47th Street East Suite A7,Palmdale,CA,93552,6612853000,Metro AVTA,No,No,No EZ Passes
Mail America,2551 E. Ave S Suite G,Palmdale,CA,93550,6612730999,Metro AVTA,No,No,No EZ Passes
Mail America,1752 East Avenue J,Lancaster,CA,93535,6619406343,Metro AVTA,No,No,No EZ Passes
Mail America,1025 W. Ave I,Lancaster,CA,93535,6619456060,AVTA,No,,No EZ Passes
Mail America Albertson's Center,18565 Soledad Canyon Road,Santa Clarita,CA,91351,6612992295,Santa Clarita & EZ Passes,No,No,None
Mail N More,2851 W. Avenue L,Lancaster,CA,93536,6617224555,Metro,No,No,No EZ Passes
Maple Liquor,1234 S. Maple St. ,Los Angeles,CA,90015,2137470306,Metro,Yes,RRTC,None
Martin Pharmacy,801 S. Vermont Avenue #104,Los Angeles,CA,90005,2133829718,Metro,Yes,RRTC,No EZ Passes
Maywood Check Cashing,3436 Slauson Ave.,Maywood,CA,90270,3235810933,Metro,Yes,No,No EZ Passes
Metro Customer Center East Portal,One Gateway Plaza,Los Angeles,CA,90012,,Metro Foothill Transit LADOT,Yes,Both,None
Metro Customer Center,4501 B. Whittier Blvd.,Los Angeles,CA,90022,,Metro,Yes,Both,None
Metro Customer Center,3183 W. Wilshire Blvd Unit #174,Los Angeles,CA,90010,,Metro,Yes,Both,None
Metro Customer Center,3650 W. Martin Luther King Blvd. Suite 101 B,Los Angeles,CA,90008,,Metro Foothill Transit,Yes,Both,None
Mexico Check Cashing,4007 S. San Pedro,Los Angeles,CA,90011,3232333120,Metro,Yes,No,No EZ Passes
Midtown Cashing,7200 S Broadway,Los Angeles,CA,90003,3237598894,Metro ,1,Both,None
Mike's Liquor,9311 San Fernando Rd.#102,Sun Valley,CA,91352,8187670152,Metro,Yes,No,None
Money Express,2602 E. Florence Ave.,Huntington Park,CA,90255,3235821777,Metro,Yes,Both,None
Montebello Transportation,400 S. Taylor Avenue,Montebello,CA,90640,3239627711,Metro/MBL,No,Both,No EZ Passes
Mt. San Antonio College,1100 Grand Ave.,Walnut,CA,91789,9095945611,Metro,No,No,None
Mundo Check Cashing,3821 E. Whittier Blvd.,Los Angeles,CA,90023,3238992184,Metro,Yes,Both,None
Mundo Check Cashing,1713 E. Vernon Ave #113,Los Angeles ,CA,90058,2132351111,Metro,Yes,Both,None
Mundo Check Cashing,5342 E. Whittier Blvd,Los Angeles,CA,90022,3237267001,Metro,Yes,Both,None
Mundo Check Cashing,2261 W. Pico Blvd.,Los Angeles,CA,90006,2133883848,Metro,Yes,Both,None
Mundo Check Cashing,705 S Atlantic Blvd,Los Angeles,CA,90022,3232660661,Metro,Yes,Both,None
Mundo Check Cashing,2411 W. Olympic Blvd.,Los Angeles,CA,90006,2133658065,Metro,1,Both,None
Mundo Check Cashing,6479 N. Figueroa Avenue,Highland Park,CA,90042,3232540082,Metro,Yes,Both,None
Mundo Check Cashing,2087 N. Fair Oaks Ave. #B,Altadena,CA,91001,6267979077,Metro,Yes,Both,None
Nelson Liquor,4420 W. Victory Blvd.,Burbank,CA,91505,8188469911,Metro,Yes,RRTC,None
Newhall Community Center,22421 Market Street,Santa Clarita,CA,91355,6612864006,Santa Clarita,No,No,No EZ  Passes
New Hampshire Check Cashing,3525 W. 3rd Street #5,Los Angeles,CA,90020,2133838840,Metro,Yes,Both,None
New Tower Check Cashing,9211 Whittier Blvd.,Pico Rivera,CA,90660,5626997112,Metro,Yes,Both,No EZ Passes
New Tower Check Cashing,5401 N Figueuroa,Los Angeles,CA,90042,3232549516,Metro,Yes,Both,No EZ Passes
Normandy Pharmacy ,3003 W. Olympic Blvd. #101,Los Angeles,CA,90006,2133863001,Metro,Yes,No,No EZ Passes
North East Food Stamps,2409 N. Daly St.,Los Angeles,CA,90031,3232256285,Metro,Yes,Both,None
North East Food Stamps,10103 Valley Blvd.,El Monte,CA,91731,6264436692,Metro,Yes,Both,None
Norwalk Transit,12650 E. Imperial Hwy.,Norwalk,CA,90650,5629295550,Metro,Yes,Both,None
Ocean Liquor,760 S. Alvarado Street,Los Angeles,CA,90057,2134837449,Metro,Yes,No,No EZ Passes
Old Town Newhall Library,24500 Main Street,Santa Clarita,CA,91321,6612590750,Santa Clarita,No,0,No EZ Passes
Olympia Pharmacy,3323 W. Olympic Blvd.,Los Angeles,CA,90019,3237347385,Metro,Yes,No,None
Olympic Check Cashing,3352 E. Olympic Blvd.,Los Angeles,CA,90023,3232610985,Metro,Yes,Both,None
Olympic Hernandez Market,4269 E. Olympic Blvd.,Los Angeles,CA,90023,3232646060,Metro,Yes,RRTC,None
One Stop Services,2272 Colorado Blvd.,Los Angeles,CA,90041,3232566458,Metro,Yes,RRTC,None
OSO Market,40340 170th Street E #2,Lake Los Angeles,CA,93591,6612644536,Metro,No,No,No EZ Passes
OT Liquor,1920 E. Olympic Blvd,Los Angeles,CA,90021,2136140018,Metro,No,No,No EZ Passes
P & M Market,2856 Sunset Blvd.,Los Angeles,CA,90026,3236637347,Metro,Yes,Both,None
Pasadena City College,1580 E. Colorado Blvd.,Pasadena,CA,91106,6265857123,Metro Foothill Transit,No,No,None
Payless Foods,4840 Peck Rd.,El Monte,CA,91732, ,,,,
Phil's Discount Store,1451 W. 3rd St.,Los Angeles,CA,90017,2134821791,Metro,Yes,Both,None
Phoenix Check Cashing,4373 S. Central Ave.,Los Angeles,CA,90011,3232355895,Metro,Yes,Both,None
Plaza Check Cashing,1614 W. Washington,Los Angeles,CA,90007,3237354327,Metro,Yes,Both,None
PLS Check Cashers,1545 W Pico Blvd,Los Angeles,CA,90015,2133880773,Metro,Yes,No,No EZ Passes
PLS Check Cashers,15039 South Prairie Ave.,Hawthorne,CA,90620,3102191028,Metro,Yes,No,No EZ Passes
Pls Check Cashers,2601 S. La Brea Avenue,Los Angeles,CA,90016,3239365853,Metro,Yes,No,No EZ Passes
PLS Check Cashers,1605 S. Hoover St.,Los Angeles,CA,90006,2137452800,Metro,Yes,No,No EZ Passes
PLS Check Cashers,2324 Whittier Blvd.,Los Angeles,CA,90023,3232698000,Metro,No,No,No EZ Passes
PLS Check Cashers,10048 S. Hawthorne Blvd.,Inglewood,CA,90304,3104120610,Metro,No,No,No EZ Passes
PLS Check Cashers of CA,9714 Woodman Ave.,Arleta,CA,91331,8188996900,Metro ,Yes,No,No EZ Passes
PLS Check Cashers Of CA,3805 E. Cesar Chavez Ave.,Los Angeles,CA,90063,2134793461,Metro,No,No,No EZ Passes
PLS Check Cashiers,13022 S. Atlantic Ave,Compton,CA,90221,3106085400,Metro,Yes,No,No EZ Passes
PLS Check Cashiers,1570 S Western 110,Los Angeles,CA,90006,3236430598,Metro,Yes,No,No EZ Passes
PLS Check Cashers,3217 E. Florence Ave.,Huntington Park,CA,90255,3232773919,Metro,Yes,No,No EZ Passes
PLS CheckCashers,11301 Long Beach Blvd,Lynwod,CA,90262,3106055300,Metro,Yes,No,No EZ Passes
Power Discount Store,325 W. 5Th Street,Los Angeles,CA,90013,2136236515,Metro,No,Both,None
Quick Cash,3448 Martin Luther King Jr Blvd.,Lynwood,CA,90262,3106318653,Metro,Yes,No,No EZ Passes
Quick Stop Liquor,14411 Victory Blvd.,Van Nuys,CA,91401,8187818489,Metro,Yes,Both,None
Quick Stop Liquor,5102 Hollywood Boulevrd,Los Angeles,CA,90027,3236628993,Metro,Yes,CTC,None
Quik Check,4137 E. Gage Ave.,Bell,CA,90201,3235622244,Metro,No,No,No EZ Passes
Quik Check,525 East Vernon Avenue,Los Angeles,CA,90011,3232352594,Metro,Yes,No,No EZ Passes
Ralphs,10455 Sunland Blvd.,Sunland,CA,91040,8183524544,Metro,Yes,No,None
Ralphs,1100 Pacific Coast Highway,Hermosa Beach,CA,90254,3107986800,Metro,Yes,CTC,None
Ralphs,12921 Magnolia Blvd,Sherman Oaks,CA,91423,8189862293,Metro,Yes,Both,No EZ Passes
Ralphs,16940 Devonshire St.,Granada Hills,CA,91344,8183633173,Metro,No,Both,None
Ralphs,5429 Hollywood Blvd,Los Angeles,CA,90027,3239579657,Metro,Yes,No,None
Ralphs,2909 Rolling Hills Rd.,Torrance,CA,90505,3103250611,Metro,Yes,CTC,None
Ralphs,4700 Admiralty Way,Marina Del Rey,CA,90242,3108234684,Metro,Yes,Both,None
Ralphs,1416 E Colorado Blvd,Glendale,CA,91205,8185480945,Metro,Yes,Both,No EZ Passes
Ralphs,650 E. Carson St.,Carson,CA,90745,3105184191,Metro,No,CTC,None
Ralphs,1233 N La Brea Ave,Los Angeles,CA,90038,3238768790,Metro,Yes,No,None
Ralphs,10861 Le Conte Avenue,Los Angeles,CA,90024,3108245994,Metro,Yes,Both,None
Ralphs,645 W. 9Th Street,Los Angeles,CA,90017,2134520840,Metro,Yes,Both,None 
Ralphs,30019 Hawthorne Blvd.,Palos Verdes,CA,90274,3103776941,Metro,Yes,Both,None
Ralphs,14440 Burbank Blvd,Van Nuys,CA,91401,8189895640,Metro,Yes,Both,None
Ralphs,11873 Hawthorne Blvd,Hawthorne,CA,90250,3106799164,Metro,Yes,Both,None
Ralphs,1050 N. Western,San Pedro,CA,90732,3108333506,Metro,Yes,Both,None
Ralphs,7221 Woodman Blvd,Van Nuys,CA,91405,8187853162,Metro,Yes,RRTC,None
Ralphs,15120 W. Sunset Blvd,Pacific Palisades,CA,90272,3104543001,Metro,Yes,RRTC,None
Ralphs,2230 Atlantic Blvd.,Monterey Park,CA,91754,3237213785,Metro,Yes,Both,None
Ralphs,9616 W. Pico blvd,Los Angeles,CA,90035,3102712672,Metro,Yes,Both,None
Ralphs,3300 W. Slauson Ave,Los Angeles,CA,90043,3232930171,Metro,Yes,No,None
Ralphs,5080 Rodeo Rd.,Los Angeles,CA,90016,3232920633,Metro,Yes,RRTC,None
Ralphs,3410 W. Third Street,Los Angeles,CA,90020,2134801421,Metro,Yes,No,None
Ralphs,950 N. La Brea Ave.,Inglewood,CA,90302,3106736365,Metro,Yes,No,None
Ralphs,8625 Firestone Blvd.,Downey,CA,90241,5628692733,Metro,No,No,None
Ralphs,260 S. La Brea Avenue,Los Angeles,CA,90036,3239373264,Metro,Yes,Both,None
Ralphs,2270 Lake Ave,Altadena,CA,91001,6267941175,Metro,Yes,Both,None
Ralphs,10900 Magnolia Blvd.,North Hollywood,CA,91601,8187604148,Metro,Yes,No,No EZ Passes
Ralphs,500 N. Sepulveda Blvd,El Segundo,CA,90245,3106150537,Metro,Yes,Both,None
Ralphs,670 S. Western Avenue,Los Angeles,CA,90005,2133835058,Metro,Yes,Both,None
Ralphs,8325 Laurel Canyon Blvd,Sun Valley,CA,91352,8187680378,Metro,Yes,RRTC,No EZ Passes
Ralphs,1644 Cloverfield Blvd.,Santa Monica,CA,90404,3105823900,Metro,Yes,Both,None
Ralphs,1730 W. Manchester Ave,Los Angeles,CA,90047,3237503151,Metro,Yes,No,None
Ralphs,25 E Alameda,Burbank,CA,91502,8185561558,Metro,Yes,RRTC,None
Ralphs,12057 Wilshire Blvd,Los Angeles,CA,90025,3104778746,Metro,Yes,No,None
Ralphs,11727 West Olympic Blvd,Los Angeles,CA,90064,3104735238,Metro,Yes,Both,None
Ralphs,4311 Lincoln Blvd.,Marina Del Rey,CA,90292,3105740909,Metro,No,No,No EZ Passes
Ralphs,2600 S. Vermont Ave,Los Angeles,CA,90007,3237323863,Metro,No,Both,None
Ralphs,5601 Wilshire Blvd.,Los Angeles,CA,90036,3239364954,Metro,Yes,Both,None
Ralphs,2250 E. Carson St.,Long Beach,CA,90807,5624242012,Metro,Yes,No,None
Ralphs,2520 Glendale Blvd.,Los Angeles,CA,90039,3236665392,Metro,Yes,CTC,None
Ralphs,17250 Saticoy Street,Van Nuys,CA,91406,8186098425,Metro,No,Both,None
Rampart Check Cashing,264 S. Rampart,Los Angeles,CA,90057,2133866478,Metro,Yes,No,None
Redondo Beach Senior,320 Knob Hill Ave.,Redondo Beach,CA,89277,3103180650,Metro,No,Both,No EZ Passes
Redondo Beach Senior Family,1922 Artesia Blvd,Redondo Beach,CA,90277,NULL,Metro,,,
Redwood Shop,213 S. Broadway,Los Angeles,CA,90012,2136804053,Metro,Yes,Both,None
Rose-Vine Exchange,748 N. Vine St.,Los Angeles,CA,90038,3234671777,Metro,Yes,Both,None
Roxbury Community Center,471 S. Roxbury Dr.,Beverly Hills,CA,90210,3102856840,Metro,No,No,No EZ Passes
Royal Deli and Market,410-A W. 6th St.,Los Angeles,CA,90014,2133275121,Metro,Yes,Both,None
Rubio Drug,16550 Ventura Blvd/Lobby,Encino,CA,91436,8189905100,Metro,Yes,Both,None
Sams Corner Liquor,2001 W. 6th Street,Los Angeles,CA,90057,2134838753,Metro,Yes,No,None
San Pedro Check Cashing,201 W. Adams Blvd,Los Angeles,CA,90007,2137468951,Metro,Yes,Both,None
Sandhya Enterprises,7550 Tampa Ave. #D,Reseda,CA,91335,8187741045,Metro,Yes,No,None
Sangus Drugs and Hallmark,27641 Bouquet Canyon Road,Santa Clarita,CA ,91351,6612963980,Santa Clarita,No,No,No EZ Passes
Santee Market,305 E. 8Th St,Los Angeles,CA,90014,2136893199,Metro,Yes,,
Sav-On Variety Store,201 S. Western Ave.,Los Angeles,CA,90004,2133861771,Metro,No,RRTC,No EZ Passes
Sav-On Variety Store,2633 W. 8th St.,Los Angeles,CA,90057,2133841433,Metro,No,RRTC,No EZ Passes
Senior Center Pico Rivera,9200 Mines Ave.,Pico Rivera,CA,90660,5629484844,Metro,No,No,No EZ Passes
Senior Center Joslyn Covina,125 E. College St.,Covina,CA ,91723,,Foothill Transit,,,
Sepulveda Check Cashing,8925 Sepulveda Boulevard-#3,North Hills,CA,91343,8188300250,Metro,Yes,No,None
Sherman Way Check Cashing,16048 1/2 Sherman Way,Van Nuys,CA,91406,8183761211,Metro,Yes,No,No EZ Passes
Short Stop,9501 Van Nuys Blvd,Panorama City,CA,91402,8188301394,Metro,Yes,No,None
Short Stop,15400 Nordhoff St.,North Hills,CA,91343,8188920640,Metro,Yes,No,Seniors Only
Short Stop,7929 Van Nuys Blvd,Panorama City,CA,91402,8189029729,Metro,Yes,No,No EZ Passes
Short Stop 21,15317 Vanowen St.,Van Nuys,CA,91406,8189943631,Metro,Yes,No,
Short Stop 28,6073 Van Nuys Blvd.,Van Nuys,CA,91401,8189040677,Metro,Yes,No,None
Short Stop 29,10402 Laurel Canyon Blvd.,Pacoima,CA,91331,8188903951,Metro,Yes,Both,None
Sierra Madre City Hall,232 W. Sierra Madre Blvd.,Sierra Madre,CA,91024,6263557135,Metro,No,No,No EZ Passes
Smoky Tango,1003 S. Vermont Ave.,Los Angeles,CA,90006,7147026857,Metro,Yes,RRTC,None
Speedy Check Cashing,239 E. 7th Street,Los Angeles,CA,90014,2136147918,Metro,No,No,No EZ Passes
Starlite Liquor,3510 W. Victory Boulevard,Burbank,CA,91505,8188464010 ,Metro,No,RRTC,No EZ  Passes
Su Casa De Cambio,1 Civic Plaza Dr. #625,Carson,CA,90745,3237285800,Metro,Yes,Both,None
Su Casa De Cambio,5166 E. Whittier Blvd.,Los Angeles,CA,90022,3232662188,Metro,Yes,Both,None
Su Casa De Cambio,3657 E. 1St St.,Los Angeles,CA,90063,3239809886,Metro,Yes,Both,None
Su Casa De Cambio,2400 W. Whittier Blvd.,Montebello,CA,90640,3137266740,Metro,Yes,Both,None
Su Casa De Cambio,4840 E. Whittier Blvd.,Los Angeles,CA,90022,3108472990,Metro,Yes,Both,None
Su Casa De Cambio,6571 E Olympic Blvd,Los Angeles,CA,90022,3232789922,Metro,Yes,Both,None
Su Casa De Cambio,1260 S. Soto #19,Los Angeles,CA,90023,3239800511,Metro,Yes,Both,None
Su Casa De Cambio,11522 Slauson Ave.,Whittier,CA,90606,5624639213,Metro,Yes,Both,None
Su Casa De Cambio,14632 E. Valley Blvd. #A,La Puente,CA,91746,3108472990,Metro,Yes,Both,None
Su Casa de Cambio,2576 clarendon Ave.,Huntington Park,CA,90255,3235825467,Metro,Yes,Both,None
Su Casa De Cambio,2132 E. Cesar Chavez Ave,Los Angeles,CA,90033,3232623240,Metro,Yes,Both,None
Su Casa de Cambio,9335 Slauson Ave.,Pico Rivera,CA,90660,5628210215,Metro,Yes,Both,None
Super Buy,7224 S. Vermont Ave.,Los Angeles,CA,90044,3237525633,Metro,No,RRTC,None
Super Dollar,1126 San Fernando Rd.,San Fernando,CA,91340,8183653146,Metro,No,Both,None
Super Salud Liquor & Market,625 N. Mednik Ave.,Los Angeles,CA,90022,3232687934,Metro,Yes,No,No EZ Passes
TDT Community Market,814 W. Gardena Blvd.,Gardena,CA,90247,3103234708,Metro,Yes,RRTC,No EZ Passes
Top Town,806 S Broadway,Los Angeles,CA,90014,2136276270,Metro,No,RRTC,No EZ Passes
Top Valu Market,10819 S. Hawthorne Blvd..,Inglewood,CA,90301,3106717988,Metro,No,RRTC,None
Topanga Check Cashing,7239 Topanga Canyon blvd.,Canoga Park,CA,91303,8185940057,Metro,Yes,Both,None
Torrance Transit System,3031 Torrance Blvd.,Torrance,CA,90503,3106182536,Metro,,Both,None
Town Deli & Liquor,59465948 S. Main St.,Los Angeles,CA,90003,3232325035,Metro,Yes,No,No EZ Passes
Trimana,1139 S. Hill St.,Los Angeles,CA,90015,2137426774,Metro,Yes,CTC,None
UCLA Central Ticket Office,325 Westwood Plaza,Los Angeles,CA,90024,3108252101,Metro,Yes,No,None
University of Antelope Valley,44055 Sierra Highway,Lancaster,CA,93534,6617261911,Metro,No,No,No EZ Passes
US Postal Exchange,803 E. Palmdale Blvd.,Palmdale,CA,93552,6612740762,AVTA,No,,No EZ Passes
Valencia Library,23743 Valencia Blvd,Santa Clarita,CA,91355,6612598942,Santa Clarita,No,No,No EZ Passes
Vanowen Check Cashing,6803 Woodman Ave,Van Nuys,CA,91405,8183741371,Metro,Yes,Yes,None
Vermillion's Drug #3,1942 E Anaheim St.,Long Beach,CA,90813,5625910549,Metro/LBTransit,No,Both,None
Vernon & Soto,3843 S. Soto St.,Vernon,CA,90058,3235887776,Metro,Yes,Both,None
Vernon Quick Check,5825 S. Santa Fe Ave.,Vernon,CA,90058,3235889991,Metro,Yes,Both,None
Vineland Wine Cellar,6012 Vineland Avenue,North Hollywood,CA,91606,8187632234,Metro,No,RRTC,No EZ Passes
Vons,4520 Sunset Blvd.,Los Angeles,CA,90027,3236628107,Metro,Yes,Both,None
Vons,4033 Laurel Canyon Blvd.,Studio City,CA,91604,8189855401,Metro,Yes,Both,None
Vons,14845 Ventura Blvd.,Sherman Oaks,CA,91403,8189867213,Metro,Yes,Both,None
Vons,1311 Wilshire Blvd.,Santa Monica,CA,90403,3103941414,Metro,Yes,No,None
Vons,9476 W Olympic Blvd.,Beverly Hills,CA,90212,3105535734 ,Metro,Yes,No,None
Vons,8969 Santa Monica Blvd.,West Hollywood,CA,90069,3105951730,Metro,Yes,CTC,None
Vons,727 N Vine St,Los Angeles,CA,90038,3234614167,Metro,No,Both,None
Vons,4033 West Ave L,Lancaster,CA,93536,6617227291,Metro,No,No,None
Vons,3027 Rancho Vista Blvd,Palmdale,CA,93551,6612659285,Metro,No,No,None
Vons,24160 Lyons Ave,Santa Clarita,CA,91321,6612599214,Santa Clarita,No,No,No Stored Value
Wally's Liquor Market,1955 S. San Pedro St.,Los Angeles,CA,90011,2137465666,Metro,Yes,No,No EZ Passes
Ware Networking,38416 10th St. E. ,Palmdale ,CA,93550,6612659900,Metro/AVTA,Yes,No,No EZ Passes
West Hollywood Chamber of Commerce ,8272 Santa Monica Blvd.,West Hollywood,CA,90046,3236502688,Metro,No,No,No EZ Passes
Westside Biz & Mail Stop,44248 10th Street West,Lancaster,CA,93534,6614180153,AVTA,No,,No EZ Passes
Whittier Market,4045 Whittier Blvd.,Los Angeles,CA,90023,3232684869,Metro,Yes,No,No EZ Passes
Whittier Senior Center,13225 Walnut St.,Whittier,CA,90262,5626982131,Metro,,,
Winnetka Check Cashing,20851 Sherman Way,Canoga Park,CA,91306,8185920516,Metro,Yes,No,None